gender,race/ethnicity,parental level of education,lunch,test preparation course,math score,reading score,writing score,Total Score,Percentage,Grade,pass / fail
male,group A,high school,standard,completed,67,67,63,197,65.66666667,C,Pass
female,group D,some high school,free/reduced,none,40,59,55,154,51.33333333,D,Pass
male,group E,some college,free/reduced,none,59,60,50,169,56.33333333,D,Pass
male,group B,high school,standard,none,77,78,68,223,74.33333333,B,Pass
male,group E,associate's degree,standard,completed,78,73,68,219,73,B,Pass
female,group D,high school,standard,none,63,77,76,216,72,B,Pass
female,group A,bachelor's degree,standard,none,62,59,63,184,61.33333333,C,Pass
male,group E,some college,standard,completed,93,88,84,265,88.33333333,A,Pass
male,group D,high school,standard,none,63,56,65,184,61.33333333,C,Pass
male,group C,some college,free/reduced,none,47,42,45,134,44.66666667,D,Pass
male,group E,some college,standard,completed,99,83,85,267,89,A,Pass
female,group D,high school,standard,completed,80,87,90,257,85.66666667,A,Pass
male,group D,associate's degree,standard,completed,77,87,85,249,83,A,Pass
male,group C,high school,standard,completed,74,74,73,221,73.66666667,B,Pass
male,group E,some high school,standard,completed,81,87,85,253,84.33333333,A,Pass
male,group E,associate's degree,free/reduced,none,69,61,57,187,62.33333333,C,Pass
male,group B,high school,standard,none,58,47,42,147,49,D,Pass
female,group C,associate's degree,standard,completed,54,62,65,181,60.33333333,C,Pass
female,group C,associate's degree,free/reduced,none,23,44,44,111,37,D,Fail
male,group C,some college,free/reduced,none,39,32,31,102,34,D,Fail
female,group C,associate's degree,standard,none,83,76,88,247,82.33333333,A,Pass
male,group C,associate's degree,standard,none,58,52,55,165,55,D,Pass
male,group B,some college,standard,completed,71,69,73,213,71,B,Pass
female,group B,some college,free/reduced,none,44,55,54,153,51,D,Pass
male,group E,some high school,free/reduced,none,46,38,32,116,38.66666667,D,Fail
male,group C,high school,free/reduced,none,51,45,42,138,46,D,Pass
female,group C,some high school,standard,none,53,60,56,169,56.33333333,D,Pass
male,group E,high school,standard,none,71,68,60,199,66.33333333,C,Pass
female,group B,high school,standard,completed,74,89,89,252,84,A,Pass
female,group A,some high school,free/reduced,none,33,54,51,138,46,D,Pass
male,group B,some college,standard,none,87,79,77,243,81,A,Pass
male,group A,bachelor's degree,free/reduced,none,78,74,73,225,75,B,Pass
male,group A,some high school,free/reduced,completed,40,41,39,120,40,D,Pass
female,group B,associate's degree,standard,completed,65,65,71,201,67,C,Pass
female,group B,bachelor's degree,standard,completed,79,88,89,256,85.33333333,A,Pass
female,group A,bachelor's degree,standard,none,68,74,74,216,72,B,Pass
female,group C,some college,standard,completed,57,77,75,209,69.66666667,C,Pass
male,group B,high school,free/reduced,none,67,65,54,186,62,C,Pass
female,group B,some college,free/reduced,completed,58,68,73,199,66.33333333,C,Pass
male,group E,associate's degree,standard,none,98,81,77,256,85.33333333,A,Pass
female,group B,master's degree,free/reduced,none,54,75,72,201,67,C,Pass
male,group D,high school,standard,none,77,67,64,208,69.33333333,C,Pass
male,group E,high school,standard,completed,87,79,82,248,82.66666667,A,Pass
female,group C,master's degree,standard,none,58,70,70,198,66,C,Pass
male,group E,high school,standard,none,100,88,87,275,91.66666667,A+,Pass
male,group C,bachelor's degree,standard,none,60,46,51,157,52.33333333,D,Pass
male,group C,associate's degree,free/reduced,none,64,63,57,184,61.33333333,C,Pass
female,group E,some high school,standard,completed,65,76,78,219,73,B,Pass
female,group D,high school,standard,none,68,72,73,213,71,B,Pass
male,group C,associate's degree,free/reduced,completed,60,63,57,180,60,C,Pass
male,group D,high school,standard,none,65,68,64,197,65.66666667,C,Pass
female,group C,some high school,free/reduced,none,52,58,60,170,56.66666667,D,Pass
female,group C,associate's degree,standard,none,74,81,85,240,80,A,Pass
female,group C,high school,free/reduced,none,36,53,49,138,46,D,Pass
male,group D,high school,free/reduced,none,57,57,47,161,53.66666667,D,Pass
female,group C,some college,standard,completed,56,60,62,178,59.33333333,D,Pass
female,group C,bachelor's degree,standard,completed,67,80,84,231,77,B,Pass
male,group D,associate's degree,standard,completed,88,87,83,258,86,A,Pass
female,group D,some college,free/reduced,none,42,61,51,154,51.33333333,D,Pass
male,group E,some high school,standard,none,68,51,48,167,55.66666667,D,Pass
male,group D,some college,free/reduced,none,76,66,68,210,70,B,Pass
female,group E,some high school,standard,none,58,63,59,180,60,C,Pass
male,group E,some high school,standard,completed,69,67,62,198,66,C,Pass
male,group A,bachelor's degree,standard,completed,77,82,78,237,79,B,Pass
male,group D,master's degree,standard,completed,83,93,97,273,91,A+,Pass
female,group C,some high school,free/reduced,completed,49,74,70,193,64.33333333,C,Pass
male,group C,high school,standard,none,71,60,56,187,62.33333333,C,Pass
female,group D,some high school,free/reduced,none,47,46,49,142,47.33333333,D,Pass
male,group B,high school,standard,none,79,64,60,203,67.66666667,C,Pass
female,group C,high school,standard,none,60,64,57,181,60.33333333,C,Pass
female,group C,associate's degree,standard,completed,56,68,73,197,65.66666667,C,Pass
male,group C,associate's degree,standard,none,57,52,47,156,52,D,Pass
female,group B,some college,standard,none,49,70,63,182,60.66666667,C,Pass
female,group C,some high school,standard,completed,79,76,81,236,78.66666667,B,Pass
male,group B,master's degree,free/reduced,none,71,76,67,214,71.33333333,B,Pass
female,group C,high school,standard,none,71,77,70,218,72.66666667,B,Pass
female,group C,some college,standard,none,47,63,59,169,56.33333333,D,Pass
female,group D,high school,free/reduced,none,72,91,81,244,81.33333333,A,Pass
male,group C,associate's degree,standard,none,78,73,76,227,75.66666667,B,Pass
male,group D,some high school,standard,none,54,43,45,142,47.33333333,D,Pass
female,group B,bachelor's degree,standard,none,46,59,62,167,55.66666667,D,Pass
female,group D,some high school,free/reduced,none,31,38,42,111,37,D,Fail
female,group C,associate's degree,free/reduced,none,51,59,59,169,56.33333333,D,Pass
male,group B,high school,standard,completed,78,76,73,227,75.66666667,B,Pass
female,group B,associate's degree,free/reduced,none,32,41,39,112,37.33333333,D,Fail
female,group C,some high school,standard,none,53,71,69,193,64.33333333,C,Pass
female,group C,some college,free/reduced,none,63,76,69,208,69.33333333,C,Pass
male,group D,some college,standard,none,97,93,88,278,92.66666667,A+,Pass
female,group D,some college,standard,none,56,52,61,169,56.33333333,D,Pass
male,group B,high school,standard,none,72,76,72,220,73.33333333,B,Pass
male,group C,some college,free/reduced,none,57,47,42,146,48.66666667,D,Pass
male,group B,some high school,standard,none,74,71,70,215,71.66666667,B,Pass
female,group D,master's degree,standard,none,81,81,87,249,83,A,Pass
male,group D,bachelor's degree,standard,completed,94,87,93,274,91.33333333,A+,Pass
male,group B,master's degree,free/reduced,none,81,73,72,226,75.33333333,B,Pass
female,group C,high school,standard,completed,58,63,67,188,62.66666667,C,Pass
female,group E,associate's degree,standard,completed,95,100,100,295,98.33333333,A+,Pass
male,group B,high school,free/reduced,none,45,52,49,146,48.66666667,D,Pass
male,group A,some college,standard,none,63,50,49,162,54,D,Pass
male,group B,associate's degree,standard,none,60,54,53,167,55.66666667,D,Pass
male,group C,some college,free/reduced,completed,54,61,62,177,59,D,Pass
male,group C,some college,standard,completed,75,78,79,232,77.33333333,B,Pass
male,group E,high school,standard,none,79,78,77,234,78,B,Pass
male,group D,high school,standard,none,66,67,67,200,66.66666667,C,Pass
female,group B,some college,standard,none,47,58,58,163,54.33333333,D,Pass
female,group D,bachelor's degree,standard,none,70,78,82,230,76.66666667,B,Pass
male,group D,high school,standard,none,82,74,73,229,76.33333333,B,Pass
male,group A,bachelor's degree,standard,none,56,38,44,138,46,D,Pass
male,group B,associate's degree,standard,none,92,78,71,241,80.33333333,A,Pass
male,group C,some college,free/reduced,none,30,33,33,96,32,D,Fail
female,group C,some college,standard,completed,79,88,86,253,84.33333333,A,Pass
female,group D,some high school,standard,none,41,52,47,140,46.66666667,D,Pass
female,group C,master's degree,standard,none,63,82,71,216,72,B,Pass
male,group A,bachelor's degree,free/reduced,none,43,34,33,110,36.66666667,D,Fail
male,group D,high school,standard,none,77,76,74,227,75.66666667,B,Pass
male,group B,associate's degree,standard,completed,76,79,76,231,77,B,Pass
female,group E,some college,free/reduced,none,49,61,63,173,57.66666667,D,Pass
male,group C,associate's degree,standard,completed,59,57,55,171,57,D,Pass
male,group B,bachelor's degree,free/reduced,none,59,70,58,187,62.33333333,C,Pass
female,group D,some high school,standard,completed,76,90,87,253,84.33333333,A,Pass
female,group C,high school,standard,completed,55,71,71,197,65.66666667,C,Pass
female,group D,bachelor's degree,standard,completed,78,87,89,254,84.66666667,A,Pass
female,group C,bachelor's degree,standard,completed,51,53,62,166,55.33333333,D,Pass
female,group C,some high school,standard,completed,41,43,45,129,43,D,Pass
female,group D,associate's degree,standard,none,74,78,86,238,79.33333333,B,Pass
male,group C,master's degree,standard,none,62,54,58,174,58,D,Pass
male,group D,associate's degree,standard,none,77,71,64,212,70.66666667,B,Pass
male,group C,some high school,standard,none,45,52,45,142,47.33333333,D,Pass
male,group E,some college,standard,completed,100,84,87,271,90.33333333,A+,Pass
female,group D,associate's degree,free/reduced,completed,83,95,100,278,92.66666667,A+,Pass
female,group E,associate's degree,free/reduced,completed,77,75,82,234,78,B,Pass
male,group C,high school,standard,completed,66,70,64,200,66.66666667,C,Pass
male,group B,some college,standard,none,65,63,57,185,61.66666667,C,Pass
male,group D,associate's degree,standard,none,62,55,56,173,57.66666667,D,Pass
male,group E,some college,standard,none,55,54,54,163,54.33333333,D,Pass
male,group C,some high school,free/reduced,none,73,78,69,220,73.33333333,B,Pass
male,group A,some college,standard,completed,73,81,76,230,76.66666667,B,Pass
female,group B,associate's degree,standard,completed,48,66,68,182,60.66666667,C,Pass
male,group D,some college,free/reduced,none,52,44,49,145,48.33333333,D,Pass
female,group C,some high school,free/reduced,none,60,72,64,196,65.33333333,C,Pass
male,group B,associate's degree,free/reduced,none,68,63,57,188,62.66666667,C,Pass
female,group D,some college,free/reduced,none,65,77,83,225,75,B,Pass
female,group D,bachelor's degree,standard,none,86,83,87,256,85.33333333,A,Pass
female,group B,associate's degree,standard,none,55,62,60,177,59,D,Pass
male,group B,master's degree,standard,completed,80,71,68,219,73,B,Pass
female,group B,high school,free/reduced,none,51,57,57,165,55,D,Pass
female,group B,some high school,standard,completed,63,61,66,190,63.33333333,C,Pass
male,group E,some college,standard,none,60,55,46,161,53.66666667,D,Pass
female,group E,bachelor's degree,standard,completed,100,100,100,300,100,A+,Pass
male,group A,associate's degree,free/reduced,none,46,44,44,134,44.66666667,D,Pass
female,group C,some college,standard,completed,67,78,80,225,75,B,Pass
female,group C,high school,free/reduced,none,54,67,59,180,60,C,Pass
female,group B,associate's degree,standard,none,63,79,76,218,72.66666667,B,Pass
male,group D,bachelor's degree,standard,none,68,66,73,207,69,C,Pass
female,group C,associate's degree,free/reduced,none,54,63,58,175,58.33333333,D,Pass
female,group C,some college,standard,none,43,44,47,134,44.66666667,D,Pass
male,group B,high school,free/reduced,none,64,64,59,187,62.33333333,C,Pass
female,group E,associate's degree,free/reduced,none,92,87,87,266,88.66666667,A,Pass
female,group D,associate's degree,free/reduced,none,82,95,93,270,90,A+,Pass
male,group E,some high school,free/reduced,none,84,78,79,241,80.33333333,A,Pass
female,group D,associate's degree,standard,completed,84,98,97,279,93,A+,Pass
male,group D,associate's degree,free/reduced,none,65,63,65,193,64.33333333,C,Pass
female,group C,bachelor's degree,standard,none,83,92,91,266,88.66666667,A,Pass
female,group B,some high school,standard,completed,70,75,75,220,73.33333333,B,Pass
male,group A,bachelor's degree,standard,completed,66,72,70,208,69.33333333,C,Pass
female,group D,bachelor's degree,standard,completed,71,87,92,250,83.33333333,A,Pass
male,group B,bachelor's degree,standard,none,66,64,58,188,62.66666667,C,Pass
female,group B,some high school,standard,completed,57,64,68,189,63,C,Pass
female,group C,master's degree,standard,none,86,90,93,269,89.66666667,A,Pass
female,group A,high school,standard,none,80,85,83,248,82.66666667,A,Pass
female,group B,high school,standard,none,62,60,59,181,60.33333333,C,Pass
female,group D,some college,standard,none,71,71,76,218,72.66666667,B,Pass
female,group C,some college,free/reduced,completed,57,66,71,194,64.66666667,C,Pass
male,group A,some high school,free/reduced,completed,69,64,62,195,65,C,Pass
male,group B,some college,standard,completed,83,74,72,229,76.33333333,B,Pass
female,group D,some college,free/reduced,none,50,56,60,166,55.33333333,D,Pass
female,group C,bachelor's degree,standard,none,55,56,56,167,55.66666667,D,Pass
male,group B,some high school,free/reduced,none,55,53,51,159,53,D,Pass
female,group D,some college,free/reduced,completed,83,93,95,271,90.33333333,A+,Pass
male,group D,high school,standard,completed,89,87,86,262,87.33333333,A,Pass
female,group D,some high school,standard,none,51,62,64,177,59,D,Pass
female,group C,some college,standard,none,48,52,49,149,49.66666667,D,Pass
female,group E,bachelor's degree,standard,none,84,95,89,268,89.33333333,A,Pass
female,group C,associate's degree,standard,none,69,83,76,228,76,B,Pass
female,group C,associate's degree,standard,completed,75,85,87,247,82.33333333,A,Pass
female,group C,master's degree,standard,none,91,100,99,290,96.66666667,A+,Pass
male,group B,high school,standard,none,76,77,67,220,73.33333333,B,Pass
male,group E,some high school,free/reduced,none,63,61,59,183,61,C,Pass
male,group D,high school,standard,none,73,65,64,202,67.33333333,C,Pass
male,group B,some high school,free/reduced,completed,52,63,53,168,56,D,Pass
male,group B,some high school,standard,completed,58,57,53,168,56,D,Pass
female,group B,some high school,standard,none,33,51,51,135,45,D,Pass
male,group E,some high school,free/reduced,none,68,62,61,191,63.66666667,C,Pass
female,group C,associate's degree,standard,completed,77,91,89,257,85.66666667,A,Pass
female,group C,bachelor's degree,standard,none,64,64,66,194,64.66666667,C,Pass
female,group D,some high school,free/reduced,none,39,49,48,136,45.33333333,D,Pass
male,group D,bachelor's degree,standard,none,50,46,48,144,48,D,Pass
male,group A,master's degree,free/reduced,none,53,57,51,161,53.66666667,D,Pass
female,group B,associate's degree,standard,completed,54,62,70,186,62,C,Pass
male,group D,high school,standard,none,74,63,65,202,67.33333333,C,Pass
female,group D,associate's degree,standard,completed,50,63,65,178,59.33333333,D,Pass
male,group E,associate's degree,standard,none,55,54,47,156,52,D,Pass
male,group C,some college,standard,none,77,64,70,211,70.33333333,B,Pass
female,group B,some high school,standard,completed,49,64,67,180,60,C,Pass
female,group D,associate's degree,free/reduced,none,66,83,82,231,77,B,Pass
male,group B,some high school,standard,completed,77,74,75,226,75.33333333,B,Pass
female,group A,master's degree,standard,completed,74,78,84,236,78.66666667,B,Pass
male,group C,some college,standard,none,85,78,81,244,81.33333333,A,Pass
female,group A,some college,standard,none,77,86,84,247,82.33333333,A,Pass
female,group B,associate's degree,standard,none,64,62,66,192,64,C,Pass
female,group D,high school,free/reduced,completed,61,69,68,198,66,C,Pass
male,group D,associate's degree,standard,none,97,88,85,270,90,A+,Pass
male,group C,some college,standard,completed,66,75,70,211,70.33333333,B,Pass
male,group C,some high school,standard,none,62,66,64,192,64,C,Pass
female,group E,some high school,standard,completed,64,80,77,221,73.66666667,B,Pass
female,group B,bachelor's degree,free/reduced,none,55,57,60,172,57.33333333,D,Pass
female,group B,associate's degree,standard,none,53,72,66,191,63.66666667,C,Pass
female,group D,some college,free/reduced,none,71,81,77,229,76.33333333,B,Pass
male,group B,high school,free/reduced,completed,66,59,68,193,64.33333333,C,Pass
male,group C,associate's degree,standard,none,68,61,62,191,63.66666667,C,Pass
male,group D,some college,standard,none,89,90,83,262,87.33333333,A,Pass
male,group C,associate's degree,standard,completed,65,69,74,208,69.33333333,C,Pass
female,group B,some high school,standard,none,43,48,44,135,45,D,Pass
female,group D,master's degree,standard,none,79,77,83,239,79.66666667,B,Pass
male,group D,bachelor's degree,standard,none,99,94,97,290,96.66666667,A+,Pass
male,group D,some high school,standard,none,82,69,72,223,74.33333333,B,Pass
male,group D,some college,free/reduced,completed,35,36,39,110,36.66666667,D,Fail
female,group D,bachelor's degree,free/reduced,none,61,71,73,205,68.33333333,C,Pass
female,group D,high school,standard,none,76,80,81,237,79,B,Pass
male,group C,associate's degree,free/reduced,completed,94,83,82,259,86.33333333,A,Pass
female,group C,high school,standard,none,75,90,78,243,81,A,Pass
male,group B,some college,standard,none,81,75,70,226,75.33333333,B,Pass
male,group C,some college,free/reduced,none,35,44,33,112,37.33333333,D,Fail
male,group C,some college,standard,none,76,74,72,222,74,B,Pass
female,group B,bachelor's degree,standard,none,58,79,82,219,73,B,Pass
male,group C,associate's degree,standard,completed,100,91,90,281,93.66666667,A+,Pass
female,group C,bachelor's degree,standard,none,53,68,64,185,61.66666667,C,Pass
female,group D,high school,standard,none,82,95,96,273,91,A+,Pass
male,group B,associate's degree,standard,none,76,62,64,202,67.33333333,C,Pass
male,group C,bachelor's degree,standard,completed,83,75,75,233,77.66666667,B,Pass
female,group D,some college,standard,none,72,84,82,238,79.33333333,B,Pass
male,group D,associate's degree,standard,completed,76,76,83,235,78.33333333,B,Pass
male,group D,some high school,standard,none,66,64,58,188,62.66666667,C,Pass
male,group C,some college,standard,none,63,65,63,191,63.66666667,C,Pass
male,group B,some high school,standard,none,36,34,28,98,32.66666667,D,Fail
male,group C,high school,standard,none,68,74,71,213,71,B,Pass
female,group C,some high school,free/reduced,completed,40,52,42,134,44.66666667,D,Pass
male,group D,some high school,standard,none,68,71,61,200,66.66666667,C,Pass
male,group C,associate's degree,standard,completed,56,54,52,162,54,D,Pass
female,group D,associate's degree,free/reduced,none,74,83,80,237,79,B,Pass
female,group D,some college,free/reduced,none,53,70,71,194,64.66666667,C,Pass
male,group B,some high school,standard,none,88,65,70,223,74.33333333,B,Pass
male,group D,some high school,standard,none,67,63,61,191,63.66666667,C,Pass
female,group B,associate's degree,standard,none,60,76,65,201,67,C,Pass
female,group C,high school,free/reduced,none,51,61,54,166,55.33333333,D,Pass
female,group D,some high school,standard,none,53,66,59,178,59.33333333,D,Pass
male,group A,bachelor's degree,standard,none,80,78,74,232,77.33333333,B,Pass
female,group E,some high school,standard,none,69,71,67,207,69,C,Pass
female,group B,some high school,free/reduced,none,64,79,70,213,71,B,Pass
female,group D,associate's degree,free/reduced,completed,80,87,89,256,85.33333333,A,Pass
female,group A,some high school,standard,none,58,72,62,192,64,C,Pass
female,group C,high school,standard,none,39,46,50,135,45,D,Pass
male,group D,some high school,standard,none,64,56,50,170,56.66666667,D,Pass
male,group D,associate's degree,standard,none,61,66,63,190,63.33333333,C,Pass
male,group D,some high school,standard,completed,90,82,88,260,86.66666667,A,Pass
male,group D,some high school,standard,none,73,71,64,208,69.33333333,C,Pass
male,group C,associate's degree,standard,none,73,73,70,216,72,B,Pass
female,group D,associate's degree,standard,none,67,76,77,220,73.33333333,B,Pass
female,group B,some college,standard,none,57,58,62,177,59,D,Pass
female,group E,some college,standard,none,65,73,72,210,70,B,Pass
female,group C,some high school,standard,none,71,72,71,214,71.33333333,B,Pass
female,group D,some high school,standard,none,59,69,72,200,66.66666667,C,Pass
male,group B,high school,standard,completed,74,71,65,210,70,B,Pass
female,group E,high school,standard,none,93,100,93,286,95.33333333,A+,Pass
female,group B,some high school,standard,completed,85,93,92,270,90,A+,Pass
female,group E,some high school,standard,none,76,83,79,238,79.33333333,B,Pass
female,group D,high school,free/reduced,none,58,72,70,200,66.66666667,C,Pass
female,group E,associate's degree,standard,none,72,77,77,226,75.33333333,B,Pass
female,group B,high school,standard,none,40,49,47,136,45.33333333,D,Pass
male,group D,high school,standard,completed,75,73,66,214,71.33333333,B,Pass
male,group D,some high school,standard,none,85,81,80,246,82,A,Pass
male,group E,associate's degree,standard,completed,100,100,100,300,100,A+,Pass
female,group B,some college,free/reduced,completed,53,65,66,184,61.33333333,C,Pass
male,group D,some college,free/reduced,none,40,42,39,121,40.33333333,D,Pass
male,group B,bachelor's degree,free/reduced,none,49,49,49,147,49,D,Pass
male,group C,associate's degree,standard,none,77,80,80,237,79,B,Pass
female,group D,high school,standard,none,82,89,84,255,85,A,Pass
male,group C,some college,standard,none,55,48,42,145,48.33333333,D,Pass
female,group C,some high school,free/reduced,none,62,71,77,210,70,B,Pass
male,group B,high school,standard,completed,69,63,59,191,63.66666667,C,Pass
male,group C,associate's degree,standard,none,78,74,76,228,76,B,Pass
female,group B,high school,free/reduced,completed,71,77,82,230,76.66666667,B,Pass
male,group D,some college,free/reduced,completed,59,71,66,196,65.33333333,C,Pass
female,group D,high school,free/reduced,none,60,75,70,205,68.33333333,C,Pass
female,group C,bachelor's degree,free/reduced,completed,43,60,60,163,54.33333333,D,Pass
female,group C,some high school,standard,none,77,83,86,246,82,A,Pass
male,group D,some high school,free/reduced,none,50,47,46,143,47.66666667,D,Pass
female,group E,bachelor's degree,free/reduced,none,56,58,52,166,55.33333333,D,Pass
male,group B,high school,standard,none,69,58,50,177,59,D,Pass
male,group D,high school,standard,none,47,43,39,129,43,D,Pass
male,group B,some college,free/reduced,none,43,28,24,95,31.66666667,D,Fail
male,group A,some high school,free/reduced,none,48,39,40,127,42.33333333,D,Pass
male,group C,high school,free/reduced,none,55,62,49,166,55.33333333,D,Pass
male,group C,some college,standard,none,73,68,66,207,69,C,Pass
male,group D,bachelor's degree,standard,none,71,63,66,200,66.66666667,C,Pass
female,group B,some college,standard,none,54,57,60,171,57,D,Pass
male,group C,high school,standard,none,66,61,63,190,63.33333333,C,Pass
male,group A,master's degree,standard,none,63,63,67,193,64.33333333,C,Pass
female,group D,bachelor's degree,standard,none,66,81,73,220,73.33333333,B,Pass
male,group C,bachelor's degree,standard,completed,79,80,75,234,78,B,Pass
male,group D,associate's degree,free/reduced,completed,73,69,70,212,70.66666667,B,Pass
female,group C,some high school,standard,none,36,57,53,146,48.66666667,D,Pass
male,group C,associate's degree,free/reduced,none,50,48,43,141,47,D,Pass
male,group E,some college,standard,completed,87,78,80,245,81.66666667,A,Pass
male,group C,associate's degree,standard,none,71,68,63,202,67.33333333,C,Pass
female,group C,associate's degree,standard,completed,85,87,94,266,88.66666667,A,Pass
female,group C,high school,standard,completed,58,67,64,189,63,C,Pass
male,group C,some college,standard,none,86,83,81,250,83.33333333,A,Pass
female,group D,some high school,free/reduced,none,64,86,89,239,79.66666667,B,Pass
male,group D,some college,standard,none,83,85,79,247,82.33333333,A,Pass
male,group E,high school,free/reduced,completed,58,56,49,163,54.33333333,D,Pass
female,group C,some college,free/reduced,completed,59,83,81,223,74.33333333,B,Pass
female,group C,high school,standard,none,40,58,54,152,50.66666667,D,Pass
male,group D,associate's degree,standard,completed,82,83,85,250,83.33333333,A,Pass
male,group E,some high school,standard,none,87,84,80,251,83.66666667,A,Pass
female,group C,some high school,standard,none,62,65,64,191,63.66666667,C,Pass
male,group B,associate's degree,free/reduced,completed,76,80,78,234,78,B,Pass
female,group A,high school,standard,none,63,69,60,192,64,C,Pass
male,group D,some college,free/reduced,completed,58,60,59,177,59,D,Pass
male,group D,associate's degree,standard,completed,61,63,65,189,63,C,Pass
male,group C,some college,standard,none,78,69,71,218,72.66666667,B,Pass
female,group C,bachelor's degree,free/reduced,completed,78,90,81,249,83,A,Pass
male,group C,some college,standard,none,56,54,43,153,51,D,Pass
male,group D,some high school,standard,none,96,83,82,261,87,A,Pass
male,group C,high school,standard,none,48,43,40,131,43.66666667,D,Pass
male,group C,associate's degree,standard,completed,70,76,72,218,72.66666667,B,Pass
male,group D,some college,free/reduced,none,43,68,58,169,56.33333333,D,Pass
female,group E,high school,free/reduced,none,45,46,49,140,46.66666667,D,Pass
female,group C,associate's degree,standard,none,58,68,62,188,62.66666667,C,Pass
female,group A,high school,standard,completed,70,73,80,223,74.33333333,B,Pass
female,group E,some high school,standard,none,60,61,58,179,59.66666667,D,Pass
male,group C,some high school,free/reduced,none,52,53,47,152,50.66666667,D,Pass
male,group C,associate's degree,free/reduced,none,61,62,54,177,59,D,Pass
female,group D,some high school,standard,none,55,70,61,186,62,C,Pass
male,group B,high school,standard,completed,80,80,79,239,79.66666667,B,Pass
male,group D,some college,free/reduced,none,63,60,54,177,59,D,Pass
female,group B,master's degree,standard,none,79,79,87,245,81.66666667,A,Pass
male,group A,associate's degree,standard,none,74,78,72,224,74.66666667,B,Pass
female,group B,some college,free/reduced,completed,46,58,64,168,56,D,Pass
female,group B,some high school,standard,completed,72,88,92,252,84,A,Pass
female,group E,some high school,free/reduced,none,58,64,64,186,62,C,Pass
female,group E,master's degree,standard,none,47,50,47,144,48,D,Pass
female,group D,bachelor's degree,standard,completed,68,78,84,230,76.66666667,B,Pass
male,group D,bachelor's degree,free/reduced,completed,68,71,67,206,68.66666667,C,Pass
female,group D,high school,standard,none,65,75,68,208,69.33333333,C,Pass
female,group B,associate's degree,standard,none,50,54,51,155,51.66666667,D,Pass
female,group B,high school,free/reduced,completed,48,71,68,187,62.33333333,C,Pass
female,group B,bachelor's degree,standard,none,58,60,64,182,60.66666667,C,Pass
male,group C,some high school,free/reduced,completed,71,74,68,213,71,B,Pass
male,group D,some high school,free/reduced,completed,58,52,48,158,52.66666667,D,Pass
female,group A,some college,free/reduced,none,66,90,83,239,79.66666667,B,Pass
male,group C,some college,free/reduced,none,44,53,43,140,46.66666667,D,Pass
female,group B,some high school,standard,completed,51,63,66,180,60,C,Pass
male,group A,some college,standard,completed,78,83,77,238,79.33333333,B,Pass
male,group C,high school,standard,none,72,71,65,208,69.33333333,C,Pass
female,group D,associate's degree,standard,none,60,64,67,191,63.66666667,C,Pass
female,group C,associate's degree,free/reduced,none,55,61,60,176,58.66666667,D,Pass
male,group B,some high school,standard,none,64,67,64,195,65,C,Pass
female,group C,some high school,free/reduced,none,57,64,60,181,60.33333333,C,Pass
female,group A,high school,standard,none,70,75,74,219,73,B,Pass
male,group D,some high school,standard,completed,84,72,76,232,77.33333333,B,Pass
female,group B,some college,standard,completed,66,71,76,213,71,B,Pass
female,group C,bachelor's degree,free/reduced,completed,56,65,73,194,64.66666667,C,Pass
male,group E,some college,free/reduced,completed,59,53,56,168,56,D,Pass
female,group E,bachelor's degree,standard,none,87,89,84,260,86.66666667,A,Pass
male,group E,high school,free/reduced,none,73,75,64,212,70.66666667,B,Pass
female,group A,high school,standard,none,85,91,89,265,88.33333333,A,Pass
male,group B,some college,free/reduced,none,49,54,42,145,48.33333333,D,Pass
female,group C,bachelor's degree,standard,completed,82,87,90,259,86.33333333,A,Pass
female,group D,some college,standard,none,80,90,90,260,86.66666667,A,Pass
female,group E,high school,standard,none,48,51,43,142,47.33333333,D,Pass
female,group D,high school,standard,completed,85,83,94,262,87.33333333,A,Pass
female,group E,some high school,standard,completed,70,78,76,224,74.66666667,B,Pass
male,group E,associate's degree,standard,completed,89,84,81,254,84.66666667,A,Pass
female,group D,high school,standard,completed,72,86,79,237,79,B,Pass
female,group D,some high school,free/reduced,none,80,86,87,253,84.33333333,A,Pass
female,group D,some high school,free/reduced,none,43,57,50,150,50,D,Pass
male,group C,some high school,free/reduced,completed,54,61,61,176,58.66666667,D,Pass
male,group A,associate's degree,free/reduced,completed,82,82,78,242,80.66666667,A,Pass
male,group C,bachelor's degree,free/reduced,none,74,80,78,232,77.33333333,B,Pass
female,group C,some college,standard,none,63,62,64,189,63,C,Pass
female,group C,high school,free/reduced,none,47,56,51,154,51.33333333,D,Pass
female,group C,some college,free/reduced,none,13,29,23,65,21.66666667,D,Fail
male,group D,some college,free/reduced,none,67,58,56,181,60.33333333,C,Pass
male,group C,some high school,standard,none,57,59,54,170,56.66666667,D,Pass
female,group B,some high school,standard,none,64,78,83,225,75,B,Pass
female,group D,associate's degree,standard,none,85,100,100,285,95,A+,Pass
female,group B,associate's degree,standard,completed,70,80,86,236,78.66666667,B,Pass
male,group B,bachelor's degree,standard,completed,90,73,83,246,82,A,Pass
female,group A,some college,free/reduced,completed,53,70,69,192,64,C,Pass
male,group C,some college,standard,completed,74,73,75,222,74,B,Pass
male,group A,associate's degree,standard,completed,61,71,67,199,66.33333333,C,Pass
female,group C,some high school,standard,completed,55,74,73,202,67.33333333,C,Pass
female,group B,some college,standard,completed,65,63,66,194,64.66666667,C,Pass
female,group A,high school,standard,none,77,77,79,233,77.66666667,B,Pass
male,group C,associate's degree,standard,none,74,61,56,191,63.66666667,C,Pass
male,group D,some college,standard,none,94,92,85,271,90.33333333,A+,Pass
female,group B,associate's degree,standard,completed,54,64,68,186,62,C,Pass
male,group A,high school,standard,none,52,49,43,144,48,D,Pass
male,group D,some college,standard,none,73,75,71,219,73,B,Pass
male,group C,high school,standard,none,81,72,58,211,70.33333333,B,Pass
female,group B,bachelor's degree,free/reduced,none,62,75,72,209,69.66666667,C,Pass
female,group C,master's degree,free/reduced,none,55,60,61,176,58.66666667,D,Pass
male,group C,some high school,free/reduced,completed,55,61,61,177,59,D,Pass
female,group D,some high school,standard,none,61,62,61,184,61.33333333,C,Pass
male,group E,high school,standard,none,75,70,64,209,69.66666667,C,Pass
male,group E,some college,free/reduced,none,79,65,59,203,67.66666667,C,Pass
female,group C,some high school,standard,none,70,70,68,208,69.33333333,C,Pass
male,group A,some college,standard,none,72,65,59,196,65.33333333,C,Pass
female,group C,some high school,free/reduced,none,38,46,33,117,39,D,Fail
female,group A,bachelor's degree,standard,none,57,71,63,191,63.66666667,C,Pass
male,group D,some high school,standard,none,76,71,70,217,72.33333333,B,Pass
male,group C,some college,free/reduced,none,45,45,38,128,42.66666667,D,Pass
male,group D,associate's degree,standard,none,77,73,74,224,74.66666667,B,Pass
male,group C,high school,standard,none,40,39,30,109,36.33333333,D,Fail
female,group E,some college,standard,none,78,83,78,239,79.66666667,B,Pass
female,group A,master's degree,free/reduced,none,63,65,66,194,64.66666667,C,Pass
male,group C,associate's degree,standard,none,83,70,73,226,75.33333333,B,Pass
male,group C,associate's degree,free/reduced,none,55,52,47,154,51.33333333,D,Pass
male,group B,some college,standard,completed,88,78,76,242,80.66666667,A,Pass
male,group C,bachelor's degree,standard,none,82,83,85,250,83.33333333,A,Pass
male,group E,bachelor's degree,standard,none,86,71,71,228,76,B,Pass
female,group C,associate's degree,free/reduced,none,61,74,72,207,69,C,Pass
female,group D,some college,standard,completed,78,85,93,256,85.33333333,A,Pass
male,group C,associate's degree,standard,none,67,63,66,196,65.33333333,C,Pass
female,group E,some high school,standard,none,83,87,83,253,84.33333333,A,Pass
male,group C,some high school,standard,none,68,74,69,211,70.33333333,B,Pass
male,group C,some college,standard,none,53,52,44,149,49.66666667,D,Pass
male,group D,associate's degree,standard,none,91,88,90,269,89.66666667,A,Pass
male,group B,associate's degree,free/reduced,none,67,66,66,199,66.33333333,C,Pass
female,group C,high school,standard,completed,53,64,62,179,59.66666667,D,Pass
female,group C,master's degree,standard,completed,86,100,100,286,95.33333333,A+,Pass
male,group E,some high school,free/reduced,completed,75,70,61,206,68.66666667,C,Pass
male,group C,some college,standard,none,55,38,35,128,42.66666667,D,Pass
male,group D,bachelor's degree,standard,completed,93,86,95,274,91.33333333,A+,Pass
female,group E,high school,standard,none,62,71,66,199,66.33333333,C,Pass
male,group C,some college,free/reduced,none,83,76,71,230,76.66666667,B,Pass
male,group D,some high school,standard,none,73,72,64,209,69.66666667,C,Pass
female,group C,high school,free/reduced,none,57,52,53,162,54,D,Pass
female,group C,some college,standard,none,70,75,75,220,73.33333333,B,Pass
female,group B,high school,standard,completed,55,62,64,181,60.33333333,C,Pass
male,group C,high school,standard,none,65,56,51,172,57.33333333,D,Pass
female,group C,some high school,standard,completed,76,85,88,249,83,A,Pass
male,group C,master's degree,free/reduced,none,59,47,46,152,50.66666667,D,Pass
male,group C,associate's degree,standard,completed,74,73,77,224,74.66666667,B,Pass
male,group B,some high school,standard,none,65,59,60,184,61.33333333,C,Pass
male,group B,some college,standard,completed,89,87,89,265,88.33333333,A,Pass
female,group B,master's degree,standard,none,71,82,82,235,78.33333333,B,Pass
male,group C,some college,free/reduced,completed,63,69,59,191,63.66666667,C,Pass
male,group C,some high school,standard,completed,57,55,60,172,57.33333333,D,Pass
male,group B,some college,free/reduced,completed,56,67,56,179,59.66666667,D,Pass
male,group A,some high school,free/reduced,completed,49,44,41,134,44.66666667,D,Pass
female,group C,some college,free/reduced,completed,28,44,50,122,40.66666667,D,Pass
female,group C,bachelor's degree,free/reduced,none,69,73,71,213,71,B,Pass
female,group D,some high school,free/reduced,none,49,62,60,171,57,D,Pass
male,group B,some high school,standard,completed,67,62,58,187,62.33333333,C,Pass
female,group B,some college,free/reduced,completed,74,85,82,241,80.33333333,A,Pass
female,group C,bachelor's degree,standard,completed,47,67,63,177,59,D,Pass
female,group C,some college,standard,none,63,63,69,195,65,C,Pass
male,group C,some college,standard,none,73,51,53,177,59,D,Pass
female,group D,some college,standard,none,91,94,96,281,93.66666667,A+,Pass
male,group B,some college,standard,none,80,87,79,246,82,A,Pass
female,group C,associate's degree,standard,none,66,73,68,207,69,C,Pass
male,group B,some college,standard,none,52,48,43,143,47.66666667,D,Pass
female,group B,some college,standard,none,65,71,65,201,67,C,Pass
male,group D,some college,standard,completed,83,75,71,229,76.33333333,B,Pass
female,group C,some high school,free/reduced,none,80,85,78,243,81,A,Pass
male,group E,bachelor's degree,free/reduced,none,68,68,59,195,65,C,Pass
male,group C,some college,free/reduced,completed,68,73,68,209,69.66666667,C,Pass
male,group C,associate's degree,free/reduced,none,62,43,45,150,50,D,Pass
female,group B,some high school,standard,none,76,88,84,248,82.66666667,A,Pass
female,group C,bachelor's degree,free/reduced,none,77,79,83,239,79.66666667,B,Pass
female,group E,master's degree,free/reduced,none,83,81,83,247,82.33333333,A,Pass
female,group C,some college,free/reduced,none,71,78,82,231,77,B,Pass
male,group D,some college,free/reduced,completed,86,91,89,266,88.66666667,A,Pass
male,group B,master's degree,standard,none,93,96,96,285,95,A+,Pass
female,group B,associate's degree,free/reduced,none,60,64,60,184,61.33333333,C,Pass
female,group D,some high school,standard,none,57,56,58,171,57,D,Pass
male,group C,bachelor's degree,standard,none,84,79,74,237,79,B,Pass
female,group D,bachelor's degree,standard,none,66,71,75,212,70.66666667,B,Pass
male,group D,master's degree,standard,none,85,69,74,228,76,B,Pass
female,group D,master's degree,standard,completed,57,68,76,201,67,C,Pass
female,group C,some high school,standard,none,41,49,49,139,46.33333333,D,Pass
female,group C,some high school,standard,none,75,76,76,227,75.66666667,B,Pass
male,group D,high school,free/reduced,none,65,63,60,188,62.66666667,C,Pass
male,group E,some college,standard,none,78,65,60,203,67.66666667,C,Pass
female,group B,some high school,free/reduced,none,26,34,28,88,29.33333333,D,Fail
male,group E,some college,free/reduced,none,71,64,66,201,67,C,Pass
male,group B,bachelor's degree,standard,completed,86,92,93,271,90.33333333,A+,Pass
male,group B,associate's degree,standard,completed,89,84,81,254,84.66666667,A,Pass
female,group B,high school,free/reduced,none,53,64,63,180,60,C,Pass
female,group C,associate's degree,standard,none,87,87,92,266,88.66666667,A,Pass
male,group D,associate's degree,standard,none,71,57,59,187,62.33333333,C,Pass
male,group D,high school,standard,none,77,80,72,229,76.33333333,B,Pass
female,group C,high school,free/reduced,completed,43,48,53,144,48,D,Pass
female,group C,associate's degree,standard,none,88,91,86,265,88.33333333,A,Pass
male,group E,some high school,standard,none,86,76,63,225,75,B,Pass
female,group E,some high school,free/reduced,completed,45,56,55,156,52,D,Pass
male,group C,some college,standard,none,69,56,57,182,60.66666667,C,Pass
female,group D,high school,standard,none,65,70,72,207,69,C,Pass
male,group E,some college,free/reduced,none,81,79,71,231,77,B,Pass
female,group A,some high school,standard,none,90,88,86,264,88,A,Pass
female,group E,associate's degree,standard,none,78,72,71,221,73.66666667,B,Pass
female,group C,master's degree,standard,completed,71,79,89,239,79.66666667,B,Pass
female,group C,some high school,standard,none,75,80,72,227,75.66666667,B,Pass
male,group C,bachelor's degree,free/reduced,none,70,60,56,186,62,C,Pass
male,group B,associate's degree,standard,none,54,52,48,154,51.33333333,D,Pass
male,group B,high school,standard,none,49,36,32,117,39,D,Fail
male,group B,associate's degree,free/reduced,completed,80,82,82,244,81.33333333,A,Pass
female,group E,bachelor's degree,standard,none,78,89,93,260,86.66666667,A,Pass
male,group C,bachelor's degree,standard,none,89,77,82,248,82.66666667,A,Pass
female,group C,bachelor's degree,standard,completed,65,83,82,230,76.66666667,B,Pass
male,group D,associate's degree,standard,none,78,74,71,223,74.33333333,B,Pass
female,group D,high school,standard,none,69,85,78,232,77.33333333,B,Pass
male,group D,some college,free/reduced,none,49,47,48,144,48,D,Pass
female,group D,master's degree,free/reduced,none,50,64,66,180,60,C,Pass
female,group E,some college,standard,none,79,76,71,226,75.33333333,B,Pass
female,group D,some college,standard,completed,89,92,97,278,92.66666667,A+,Pass
male,group A,associate's degree,free/reduced,completed,48,61,59,168,56,D,Pass
female,group A,bachelor's degree,standard,none,63,67,71,201,67,C,Pass
female,group C,some college,standard,none,88,100,88,276,92,A+,Pass
female,group D,associate's degree,standard,none,66,73,73,212,70.66666667,B,Pass
female,group B,some college,free/reduced,none,45,59,56,160,53.33333333,D,Pass
female,group E,some high school,standard,completed,62,78,73,213,71,B,Pass
male,group D,some college,free/reduced,completed,74,80,86,240,80,A,Pass
female,group D,bachelor's degree,free/reduced,none,82,87,90,259,86.33333333,A,Pass
male,group E,some college,free/reduced,completed,83,63,63,209,69.66666667,C,Pass
female,group D,some high school,free/reduced,completed,60,72,76,208,69.33333333,C,Pass
female,group D,high school,standard,none,66,73,72,211,70.33333333,B,Pass
male,group C,bachelor's degree,free/reduced,none,76,66,68,210,70,B,Pass
male,group B,associate's degree,standard,completed,75,74,76,225,75,B,Pass
male,group B,some college,standard,completed,77,72,79,228,76,B,Pass
female,group E,some college,free/reduced,none,82,88,86,256,85.33333333,A,Pass
male,group C,associate's degree,standard,completed,63,59,60,182,60.66666667,C,Pass
female,group D,high school,standard,none,70,85,85,240,80,A,Pass
male,group D,associate's degree,standard,completed,84,71,76,231,77,B,Pass
male,group C,high school,standard,completed,68,60,63,191,63.66666667,C,Pass
male,group C,some college,free/reduced,none,56,58,50,164,54.66666667,D,Pass
female,group C,associate's degree,free/reduced,none,37,46,43,126,42,D,Pass
female,group D,some high school,standard,none,49,56,53,158,52.66666667,D,Pass
female,group E,some college,standard,completed,100,100,100,300,100,A+,Pass
male,group D,some college,standard,none,83,68,65,216,72,B,Pass
female,group E,master's degree,free/reduced,completed,92,100,98,290,96.66666667,A+,Pass
male,group E,master's degree,free/reduced,none,71,62,66,199,66.33333333,C,Pass
male,group D,associate's degree,free/reduced,completed,72,76,73,221,73.66666667,B,Pass
female,group D,bachelor's degree,free/reduced,none,37,53,48,138,46,D,Pass
male,group C,bachelor's degree,free/reduced,none,35,43,35,113,37.66666667,D,Fail
male,group C,some college,free/reduced,none,69,68,62,199,66.33333333,C,Pass
female,group C,bachelor's degree,standard,none,65,73,81,219,73,B,Pass
male,group E,high school,free/reduced,none,56,48,36,140,46.66666667,D,Pass
female,group D,high school,standard,none,40,46,57,143,47.66666667,D,Pass
female,group E,high school,standard,none,60,62,60,182,60.66666667,C,Pass
female,group C,some high school,standard,none,57,66,73,196,65.33333333,C,Pass
female,group C,some high school,free/reduced,completed,58,62,66,186,62,C,Pass
female,group D,some college,standard,completed,74,95,94,263,87.66666667,A,Pass
female,group B,some college,standard,none,77,77,83,237,79,B,Pass
male,group E,some college,free/reduced,none,66,57,53,176,58.66666667,D,Pass
female,group D,some college,standard,completed,62,79,87,228,76,B,Pass
male,group C,high school,free/reduced,none,29,38,27,94,31.33333333,D,Fail
female,group B,some college,standard,none,70,73,66,209,69.66666667,C,Pass
male,group A,associate's degree,free/reduced,none,67,64,60,191,63.66666667,C,Pass
female,group C,high school,standard,completed,81,91,94,266,88.66666667,A,Pass
male,group C,associate's degree,free/reduced,none,56,50,43,149,49.66666667,D,Pass
female,group D,some college,free/reduced,none,61,79,76,216,72,B,Pass
female,group D,high school,free/reduced,completed,47,54,56,157,52.33333333,D,Pass
male,group A,bachelor's degree,standard,completed,88,87,94,269,89.66666667,A,Pass
male,group C,some college,standard,completed,51,52,52,155,51.66666667,D,Pass
male,group C,master's degree,standard,none,68,60,62,190,63.33333333,C,Pass
female,group B,associate's degree,standard,none,68,71,71,210,70,B,Pass
female,group B,high school,free/reduced,none,47,49,50,146,48.66666667,D,Pass
male,group E,master's degree,free/reduced,completed,84,77,82,243,81,A,Pass
male,group B,some college,free/reduced,none,69,72,68,209,69.66666667,C,Pass
female,group D,bachelor's degree,standard,completed,52,69,75,196,65.33333333,C,Pass
male,group B,associate's degree,standard,none,80,79,79,238,79.33333333,B,Pass
male,group C,bachelor's degree,standard,none,100,84,88,272,90.66666667,A+,Pass
male,group C,high school,standard,completed,53,59,64,176,58.66666667,D,Pass
female,group B,master's degree,standard,completed,59,73,74,206,68.66666667,C,Pass
female,group B,some college,standard,none,78,96,89,263,87.66666667,A,Pass
female,group B,associate's degree,standard,none,84,87,89,260,86.66666667,A,Pass
female,group C,high school,free/reduced,none,52,72,71,195,65,C,Pass
male,group C,associate's degree,free/reduced,none,81,78,75,234,78,B,Pass
female,group C,associate's degree,standard,completed,90,95,100,285,95,A+,Pass
female,group A,high school,standard,none,63,73,66,202,67.33333333,C,Pass
male,group D,bachelor's degree,standard,completed,100,97,100,297,99,A+,Pass
female,group B,some college,standard,none,56,63,62,181,60.33333333,C,Pass
female,group B,some college,standard,none,46,54,54,154,51.33333333,D,Pass
female,group B,high school,free/reduced,completed,75,85,90,250,83.33333333,A,Pass
female,group A,some college,standard,none,46,51,54,151,50.33333333,D,Pass
male,group A,some high school,free/reduced,none,42,40,40,122,40.66666667,D,Pass
female,group C,some high school,standard,completed,77,86,90,253,84.33333333,A,Pass
female,group C,some college,free/reduced,none,40,63,56,159,53,D,Pass
female,group D,high school,standard,none,69,71,76,216,72,B,Pass
male,group C,high school,standard,none,43,50,45,138,46,D,Pass
female,group C,associate's degree,standard,completed,69,75,71,215,71.66666667,B,Pass
female,group D,bachelor's degree,standard,completed,89,93,100,282,94,A+,Pass
male,group B,associate's degree,standard,none,44,34,36,114,38,D,Fail
male,group D,high school,free/reduced,completed,82,83,77,242,80.66666667,A,Pass
male,group D,associate's degree,free/reduced,none,72,72,65,209,69.66666667,C,Pass
male,group C,bachelor's degree,standard,none,64,53,50,167,55.66666667,D,Pass
male,group D,some high school,standard,none,89,73,70,232,77.33333333,B,Pass
male,group E,associate's degree,free/reduced,none,58,53,54,165,55,D,Pass
female,group A,high school,standard,completed,63,81,78,222,74,B,Pass
female,group A,bachelor's degree,standard,none,54,66,69,189,63,C,Pass
male,group C,high school,free/reduced,completed,83,78,82,243,81,A,Pass
female,group C,high school,standard,none,57,74,64,195,65,C,Pass
female,group C,high school,standard,none,52,47,48,147,49,D,Pass
female,group D,high school,standard,completed,75,93,97,265,88.33333333,A,Pass
male,group E,high school,free/reduced,completed,67,66,64,197,65.66666667,C,Pass
male,group B,some high school,standard,none,58,60,53,171,57,D,Pass
female,group B,bachelor's degree,free/reduced,none,63,66,68,197,65.66666667,C,Pass
female,group D,some high school,free/reduced,none,49,64,57,170,56.66666667,D,Pass
female,group D,some college,free/reduced,none,38,47,52,137,45.66666667,D,Pass
female,group B,some college,standard,completed,74,85,84,243,81,A,Pass
male,group C,associate's degree,free/reduced,completed,69,84,82,235,78.33333333,B,Pass
female,group D,associate's degree,standard,none,77,82,80,239,79.66666667,B,Pass
female,group A,master's degree,free/reduced,none,40,59,59,158,52.66666667,D,Pass
female,group B,master's degree,standard,completed,96,98,100,294,98,A+,Pass
female,group B,bachelor's degree,standard,none,85,86,85,256,85.33333333,A,Pass
male,group D,associate's degree,standard,none,85,77,76,238,79.33333333,B,Pass
male,group C,high school,standard,none,72,59,54,185,61.66666667,C,Pass
female,group B,associate's degree,free/reduced,none,63,78,73,214,71.33333333,B,Pass
male,group B,some high school,standard,none,58,67,58,183,61,C,Pass
male,group B,bachelor's degree,free/reduced,none,58,64,54,176,58.66666667,D,Pass
male,group C,high school,free/reduced,none,51,57,53,161,53.66666667,D,Pass
female,group D,master's degree,standard,completed,100,100,100,300,100,A+,Pass
female,group D,master's degree,standard,none,77,84,92,253,84.33333333,A,Pass
male,group E,bachelor's degree,free/reduced,none,63,56,56,175,58.33333333,D,Pass
female,group C,some college,standard,none,64,67,68,199,66.33333333,C,Pass
male,group E,high school,standard,none,100,82,80,262,87.33333333,A,Pass
male,group C,associate's degree,standard,none,66,65,65,196,65.33333333,C,Pass
male,group E,bachelor's degree,standard,none,87,87,84,258,86,A,Pass
male,group C,high school,standard,none,73,72,69,214,71.33333333,B,Pass
male,group C,master's degree,free/reduced,completed,69,66,65,200,66.66666667,C,Pass
female,group C,high school,standard,none,62,64,63,189,63,C,Pass
female,group C,some high school,standard,none,40,48,49,137,45.66666667,D,Pass
male,group C,some college,free/reduced,completed,55,68,60,183,61,C,Pass
male,group D,high school,standard,completed,77,77,78,232,77.33333333,B,Pass
male,group D,some college,standard,completed,63,70,71,204,68,C,Pass
male,group D,associate's degree,standard,completed,85,85,91,261,87,A,Pass
female,group B,high school,free/reduced,none,30,43,40,113,37.66666667,D,Fail
male,group B,high school,standard,none,82,77,71,230,76.66666667,B,Pass
male,group D,associate's degree,free/reduced,completed,81,71,70,222,74,B,Pass
female,group C,some high school,standard,completed,92,100,97,289,96.33333333,A+,Pass
male,group B,some college,free/reduced,none,50,48,36,134,44.66666667,D,Pass
female,group B,associate's degree,standard,none,54,60,56,170,56.66666667,D,Pass
male,group C,associate's degree,standard,completed,76,83,78,237,79,B,Pass
female,group D,some high school,standard,none,60,68,74,202,67.33333333,C,Pass
female,group A,associate's degree,free/reduced,completed,45,72,66,183,61,C,Pass
male,group D,high school,standard,none,80,77,72,229,76.33333333,B,Pass
male,group D,some high school,free/reduced,none,52,45,48,145,48.33333333,D,Pass
female,group C,high school,standard,completed,90,89,97,276,92,A+,Pass
female,group D,high school,free/reduced,none,53,65,69,187,62.33333333,C,Pass
female,group C,associate's degree,standard,none,92,95,95,282,94,A+,Pass
female,group C,some college,standard,completed,63,78,75,216,72,B,Pass
female,group B,some high school,standard,none,71,77,79,227,75.66666667,B,Pass
female,group D,some high school,standard,none,64,70,73,207,69,C,Pass
female,group C,some college,standard,completed,67,81,89,237,79,B,Pass
male,group C,high school,free/reduced,none,63,63,61,187,62.33333333,C,Pass
male,group B,high school,standard,none,63,53,44,160,53.33333333,D,Pass
male,group C,some high school,standard,none,59,49,46,154,51.33333333,D,Pass
male,group E,high school,standard,none,49,43,35,127,42.33333333,D,Pass
female,group D,master's degree,standard,none,75,84,86,245,81.66666667,A,Pass
female,group C,some high school,free/reduced,none,34,47,45,126,42,D,Pass
female,group B,associate's degree,free/reduced,none,53,70,69,192,64,C,Pass
male,group B,master's degree,standard,none,63,56,60,179,59.66666667,D,Pass
male,group C,associate's degree,standard,none,75,69,65,209,69.66666667,C,Pass
male,group E,associate's degree,free/reduced,none,63,61,62,186,62,C,Pass
female,group C,high school,standard,none,70,72,75,217,72.33333333,B,Pass
female,group C,some college,standard,none,61,73,70,204,68,C,Pass
male,group C,associate's degree,standard,none,74,61,59,194,64.66666667,C,Pass
male,group D,associate's degree,free/reduced,none,57,49,48,154,51.33333333,D,Pass
male,group C,some high school,free/reduced,completed,41,52,47,140,46.66666667,D,Pass
male,group D,some high school,standard,none,87,80,76,243,81,A,Pass
male,group C,high school,free/reduced,none,69,71,62,202,67.33333333,C,Pass
male,group C,associate's degree,free/reduced,none,69,77,70,216,72,B,Pass
male,group D,high school,standard,completed,58,56,56,170,56.66666667,D,Pass
female,group B,some college,free/reduced,completed,47,69,62,178,59.33333333,D,Pass
male,group D,associate's degree,standard,completed,78,69,71,218,72.66666667,B,Pass
female,group B,some college,free/reduced,completed,54,61,71,186,62,C,Pass
male,group C,some college,free/reduced,none,36,27,26,89,29.66666667,D,Fail
male,group B,bachelor's degree,standard,completed,94,92,92,278,92.66666667,A+,Pass
female,group D,associate's degree,free/reduced,none,68,84,80,232,77.33333333,B,Pass
female,group E,high school,standard,none,90,88,84,262,87.33333333,A,Pass
male,group A,some college,standard,none,57,57,53,167,55.66666667,D,Pass
male,group D,some college,standard,completed,96,95,90,281,93.66666667,A+,Pass
male,group B,some high school,standard,completed,68,63,62,193,64.33333333,C,Pass
female,group C,some high school,standard,completed,52,64,63,179,59.66666667,D,Pass
male,group E,associate's degree,standard,none,90,76,73,239,79.66666667,B,Pass
male,group C,some college,free/reduced,completed,71,82,75,228,76,B,Pass
female,group C,some college,free/reduced,completed,58,69,74,201,67,C,Pass
male,group C,some high school,free/reduced,none,41,39,34,114,38,D,Fail
male,group D,some high school,standard,completed,43,37,43,123,41,D,Pass
male,group D,high school,standard,none,85,70,71,226,75.33333333,B,Pass
male,group B,some high school,standard,none,71,72,69,212,70.66666667,B,Pass
female,group A,high school,standard,none,72,70,72,214,71.33333333,B,Pass
male,group D,associate's degree,free/reduced,none,70,62,66,198,66,C,Pass
female,group D,bachelor's degree,standard,none,89,100,100,289,96.33333333,A+,Pass
female,group E,high school,standard,none,92,86,82,260,86.66666667,A,Pass
male,group E,some college,free/reduced,completed,80,79,81,240,80,A,Pass
male,group C,some high school,standard,none,80,70,60,210,70,B,Pass
female,group B,high school,standard,none,56,64,59,179,59.66666667,D,Pass
male,group E,high school,free/reduced,none,93,86,73,252,84,A,Pass
male,group C,associate's degree,free/reduced,completed,49,37,41,127,42.33333333,D,Pass
female,group E,master's degree,standard,none,59,57,58,174,58,D,Pass
female,group C,some high school,standard,completed,64,74,75,213,71,B,Pass
male,group D,some high school,standard,none,73,66,59,198,66,C,Pass
female,group B,some college,standard,completed,82,86,90,258,86,A,Pass
male,group D,high school,free/reduced,none,48,43,41,132,44,D,Pass
female,group A,some high school,free/reduced,completed,51,64,62,177,59,D,Pass
female,group E,some high school,free/reduced,completed,38,46,43,127,42.33333333,D,Pass
male,group B,some college,free/reduced,none,45,50,42,137,45.66666667,D,Pass
female,group A,some college,standard,completed,83,92,95,270,90,A+,Pass
female,group B,some high school,standard,completed,45,57,56,158,52.66666667,D,Pass
male,group D,high school,free/reduced,none,66,64,62,192,64,C,Pass
male,group D,high school,free/reduced,completed,60,62,57,179,59.66666667,D,Pass
male,group C,associate's degree,standard,none,49,47,49,145,48.33333333,D,Pass
male,group D,bachelor's degree,standard,none,80,84,86,250,83.33333333,A,Pass
male,group E,high school,standard,none,75,68,66,209,69.66666667,C,Pass
male,group B,some college,free/reduced,completed,57,68,61,186,62,C,Pass
female,group B,some high school,free/reduced,none,25,36,37,98,32.66666667,D,Fail
male,group E,some college,free/reduced,none,90,87,81,258,86,A,Pass
female,group D,some college,standard,none,63,70,71,204,68,C,Pass
male,group E,associate's degree,standard,none,100,91,86,277,92.33333333,A+,Pass
male,group C,associate's degree,free/reduced,none,76,68,66,210,70,B,Pass
female,group B,some high school,free/reduced,none,52,58,53,163,54.33333333,D,Pass
female,group B,master's degree,standard,completed,81,86,93,260,86.66666667,A,Pass
male,group C,associate's degree,standard,completed,90,89,87,266,88.66666667,A,Pass
male,group D,associate's degree,standard,none,83,82,81,246,82,A,Pass
female,group B,high school,standard,none,61,73,69,203,67.66666667,C,Pass
female,group E,associate's degree,standard,completed,79,69,75,223,74.33333333,B,Pass
male,group B,some college,standard,none,52,53,51,156,52,D,Pass
female,group B,bachelor's degree,standard,completed,62,65,67,194,64.66666667,C,Pass
female,group D,some college,standard,none,85,90,84,259,86.33333333,A,Pass
female,group E,high school,free/reduced,completed,74,96,95,265,88.33333333,A,Pass
male,group C,associate's degree,free/reduced,none,83,85,78,246,82,A,Pass
male,group C,some college,standard,none,78,72,72,222,74,B,Pass
female,group C,high school,free/reduced,none,41,43,40,124,41.33333333,D,Pass
female,group A,high school,standard,none,77,91,87,255,85,A,Pass
male,group C,bachelor's degree,standard,none,95,99,91,285,95,A+,Pass
female,group B,high school,free/reduced,none,50,68,66,184,61.33333333,C,Pass
male,group C,some college,standard,none,74,76,70,220,73.33333333,B,Pass
female,group D,bachelor's degree,standard,completed,74,93,93,260,86.66666667,A,Pass
male,group E,high school,standard,none,70,62,61,193,64.33333333,C,Pass
male,group D,associate's degree,free/reduced,none,61,59,54,174,58,D,Pass
female,group A,master's degree,standard,completed,94,100,100,294,98,A+,Pass
female,group D,high school,standard,none,66,84,77,227,75.66666667,B,Pass
female,group D,master's degree,standard,none,83,88,93,264,88,A,Pass
male,group D,high school,standard,none,75,63,60,198,66,C,Pass
male,group D,high school,free/reduced,completed,56,65,63,184,61.33333333,C,Pass
female,group B,some college,free/reduced,none,66,88,83,237,79,B,Pass
female,group B,high school,free/reduced,none,61,69,66,196,65.33333333,C,Pass
male,group C,some high school,standard,completed,70,79,73,222,74,B,Pass
male,group C,master's degree,standard,none,57,59,53,169,56.33333333,D,Pass
female,group C,associate's degree,free/reduced,completed,78,89,90,257,85.66666667,A,Pass
female,group C,some high school,standard,none,62,76,67,205,68.33333333,C,Pass
male,group C,some high school,standard,completed,64,53,49,166,55.33333333,D,Pass
female,group B,high school,free/reduced,none,55,66,65,186,62,C,Pass
female,group D,some college,standard,none,72,83,83,238,79.33333333,B,Pass
male,group A,some college,free/reduced,none,49,48,42,139,46.33333333,D,Pass
female,group D,some college,standard,none,62,60,63,185,61.66666667,C,Pass
male,group B,some high school,free/reduced,none,76,73,68,217,72.33333333,B,Pass
female,group C,master's degree,standard,completed,73,86,85,244,81.33333333,A,Pass
female,group C,associate's degree,standard,completed,72,76,78,226,75.33333333,B,Pass
male,group C,high school,standard,none,85,85,76,246,82,A,Pass
male,group A,some college,free/reduced,none,71,68,65,204,68,C,Pass
female,group C,some high school,free/reduced,none,28,38,31,97,32.33333333,D,Fail
male,group C,high school,free/reduced,none,41,42,38,121,40.33333333,D,Pass
male,group E,associate's degree,standard,none,78,72,68,218,72.66666667,B,Pass
male,group C,master's degree,free/reduced,none,48,52,44,144,48,D,Pass
male,group C,associate's degree,free/reduced,none,38,51,47,136,45.33333333,D,Pass
female,group A,bachelor's degree,standard,completed,91,100,100,291,97,A+,Pass
female,group D,bachelor's degree,standard,none,71,81,80,232,77.33333333,B,Pass
female,group D,bachelor's degree,standard,none,84,87,92,263,87.66666667,A,Pass
male,group E,associate's degree,free/reduced,completed,63,60,63,186,62,C,Pass
female,group A,associate's degree,standard,completed,70,78,87,235,78.33333333,B,Pass
male,group B,bachelor's degree,free/reduced,completed,48,52,57,157,52.33333333,D,Pass
male,group D,some high school,standard,completed,68,72,73,213,71,B,Pass
female,group D,some college,standard,none,84,84,87,255,85,A,Pass
male,group D,high school,standard,none,61,62,60,183,61,C,Pass
male,group C,some high school,free/reduced,none,62,59,62,183,61,C,Pass
female,group C,master's degree,free/reduced,none,66,78,83,227,75.66666667,B,Pass
female,group C,high school,standard,completed,52,65,71,188,62.66666667,C,Pass
female,group D,some college,standard,completed,68,75,73,216,72,B,Pass
male,group D,some college,free/reduced,completed,62,68,71,201,67,C,Pass
male,group E,bachelor's degree,standard,completed,90,88,84,262,87.33333333,A,Pass
female,group A,master's degree,free/reduced,none,42,50,44,136,45.33333333,D,Pass
male,group D,associate's degree,free/reduced,completed,74,90,89,253,84.33333333,A,Pass
male,group B,associate's degree,standard,completed,62,61,61,184,61.33333333,C,Pass
male,group C,some college,standard,none,56,55,50,161,53.66666667,D,Pass
male,group C,high school,free/reduced,none,64,52,54,170,56.66666667,D,Pass
male,group D,high school,standard,completed,79,84,80,243,81,A,Pass
female,group C,some high school,standard,none,44,65,63,172,57.33333333,D,Pass
female,group B,some college,standard,completed,69,94,87,250,83.33333333,A,Pass
male,group A,some college,standard,none,53,48,48,149,49.66666667,D,Pass
male,group C,high school,standard,none,74,69,61,204,68,C,Pass
male,group C,associate's degree,standard,none,49,55,48,152,50.66666667,D,Pass
female,group D,associate's degree,free/reduced,none,57,71,71,199,66.33333333,C,Pass
female,group D,master's degree,standard,none,61,72,64,197,65.66666667,C,Pass
female,group C,master's degree,free/reduced,none,65,88,84,237,79,B,Pass
female,group C,some college,standard,none,51,60,52,163,54.33333333,D,Pass
female,group C,some high school,standard,none,49,51,41,141,47,D,Pass
male,group B,master's degree,free/reduced,none,56,65,56,177,59,D,Pass
male,group D,associate's degree,standard,none,65,62,63,190,63.33333333,C,Pass
male,group D,some college,standard,none,70,64,62,196,65.33333333,C,Pass
male,group D,some college,standard,none,91,95,88,274,91.33333333,A+,Pass
female,group D,high school,standard,completed,48,56,64,168,56,D,Pass
female,group C,associate's degree,standard,completed,94,99,100,293,97.66666667,A+,Pass
male,group B,master's degree,standard,none,77,76,73,226,75.33333333,B,Pass
female,group D,some high school,standard,none,59,78,75,212,70.66666667,B,Pass
female,group C,some college,free/reduced,none,57,75,70,202,67.33333333,C,Pass
female,group C,some high school,standard,none,76,82,74,232,77.33333333,B,Pass
male,group D,high school,standard,none,65,63,64,192,64,C,Pass
female,group B,master's degree,standard,completed,75,75,83,233,77.66666667,B,Pass
male,group D,master's degree,standard,none,70,66,65,201,67,C,Pass
male,group C,high school,standard,completed,79,79,70,228,76,B,Pass
female,group A,bachelor's degree,standard,completed,83,96,99,278,92.66666667,A+,Pass
female,group C,associate's degree,free/reduced,none,70,84,78,232,77.33333333,B,Pass
male,group E,some high school,standard,completed,97,80,88,265,88.33333333,A,Pass
female,group E,high school,free/reduced,none,33,32,35,100,33.33333333,D,Fail
male,group B,master's degree,free/reduced,none,38,40,41,119,39.66666667,D,Fail
male,group C,some college,standard,completed,46,51,47,144,48,D,Pass
female,group D,some college,free/reduced,none,13,36,37,86,28.66666667,D,Fail
male,group A,master's degree,standard,none,85,83,78,246,82,A,Pass
female,group B,some college,standard,none,79,79,80,238,79.33333333,B,Pass
female,group B,some high school,standard,none,76,81,79,236,78.66666667,B,Pass
female,group C,some high school,free/reduced,completed,53,70,65,188,62.66666667,C,Pass
male,group A,high school,standard,completed,68,70,63,201,67,C,Pass
male,group D,associate's degree,free/reduced,completed,67,70,70,207,69,C,Pass
male,group E,some college,standard,completed,100,84,88,272,90.66666667,A+,Pass
male,group C,associate's degree,free/reduced,none,54,48,45,147,49,D,Pass
female,group E,associate's degree,free/reduced,none,72,73,70,215,71.66666667,B,Pass
male,group A,some college,standard,completed,91,97,95,283,94.33333333,A+,Pass
male,group D,master's degree,standard,completed,87,81,86,254,84.66666667,A,Pass
female,group D,associate's degree,free/reduced,none,66,75,74,215,71.66666667,B,Pass
male,group C,some high school,standard,none,65,66,64,195,65,C,Pass
female,group E,associate's degree,free/reduced,completed,41,56,53,150,50,D,Pass
female,group C,associate's degree,standard,none,67,69,65,201,67,C,Pass
male,group E,high school,standard,none,94,89,86,269,89.66666667,A,Pass
female,group B,bachelor's degree,free/reduced,completed,57,70,68,195,65,C,Pass
male,group A,high school,standard,none,89,83,80,252,84,A,Pass
male,group A,associate's degree,standard,completed,77,73,80,230,76.66666667,B,Pass
male,group C,some high school,standard,none,57,60,50,167,55.66666667,D,Pass
male,group D,some college,standard,completed,72,72,72,216,72,B,Pass
male,group D,bachelor's degree,standard,completed,98,94,95,287,95.66666667,A+,Pass
female,group D,master's degree,standard,none,87,97,100,284,94.66666667,A+,Pass
male,group C,some high school,free/reduced,none,61,57,55,173,57.66666667,D,Pass
female,group C,master's degree,standard,none,85,100,97,282,94,A+,Pass
female,group D,some high school,standard,none,81,85,91,257,85.66666667,A,Pass
female,group D,high school,standard,completed,74,84,79,237,79,B,Pass
male,group C,bachelor's degree,standard,none,98,92,90,280,93.33333333,A+,Pass
female,group D,some college,standard,none,86,84,89,259,86.33333333,A,Pass
male,group C,bachelor's degree,standard,completed,85,81,82,248,82.66666667,A,Pass
male,group C,some college,standard,none,68,71,63,202,67.33333333,C,Pass
female,group E,high school,free/reduced,completed,66,78,77,221,73.66666667,B,Pass
male,group B,some high school,free/reduced,completed,75,74,71,220,73.33333333,B,Pass
male,group C,bachelor's degree,standard,none,79,57,58,194,64.66666667,C,Pass
female,group B,bachelor's degree,free/reduced,none,59,85,82,226,75.33333333,B,Pass
male,group B,master's degree,free/reduced,none,60,62,58,180,60,C,Pass
male,group D,high school,standard,none,69,60,54,183,61,C,Pass
female,group B,high school,free/reduced,none,49,54,58,161,53.66666667,D,Pass
male,group D,some college,standard,none,62,44,52,158,52.66666667,D,Pass
female,group E,high school,free/reduced,completed,70,84,83,237,79,B,Pass
male,group D,bachelor's degree,standard,none,71,57,60,188,62.66666667,C,Pass
male,group C,bachelor's degree,standard,none,71,69,65,205,68.33333333,C,Pass
female,group C,some high school,free/reduced,none,50,59,54,163,54.33333333,D,Pass
female,group B,high school,standard,none,52,55,57,164,54.66666667,D,Pass
male,group E,some college,free/reduced,completed,75,65,66,206,68.66666667,C,Pass
female,group C,bachelor's degree,standard,none,51,64,63,178,59.33333333,D,Pass
male,group C,some high school,standard,none,64,48,50,162,54,D,Pass
female,group A,some college,free/reduced,completed,65,76,72,213,71,B,Pass
male,group B,master's degree,standard,none,99,81,87,267,89,A,Pass
female,group B,associate's degree,standard,none,60,62,58,180,60,C,Pass
female,group B,some college,standard,none,70,78,80,228,76,B,Pass
male,group A,some college,standard,completed,77,76,77,230,76.66666667,B,Pass
male,group B,high school,free/reduced,none,37,28,23,88,29.33333333,D,Fail
male,group E,associate's degree,free/reduced,none,73,73,61,207,69,C,Pass
female,group B,associate's degree,free/reduced,completed,53,74,75,202,67.33333333,C,Pass
female,group B,associate's degree,standard,none,67,58,62,187,62.33333333,C,Pass
female,group B,some college,free/reduced,none,67,79,80,226,75.33333333,B,Pass
male,group B,high school,free/reduced,none,51,57,50,158,52.66666667,D,Pass
male,group D,high school,standard,completed,64,71,70,205,68.33333333,C,Pass
male,group E,some college,free/reduced,none,55,42,43,140,46.66666667,D,Pass
male,group D,associate's degree,free/reduced,completed,55,39,51,145,48.33333333,D,Pass
male,group E,associate's degree,standard,none,86,77,78,241,80.33333333,A,Pass
female,group B,master's degree,standard,none,71,88,85,244,81.33333333,A,Pass
male,group C,high school,free/reduced,none,71,63,64,198,66,C,Pass
female,group C,some high school,free/reduced,none,51,67,69,187,62.33333333,C,Pass
female,group E,some college,standard,completed,75,76,85,236,78.66666667,B,Pass
male,group C,some high school,free/reduced,none,45,31,27,103,34.33333333,D,Fail
male,group B,some high school,standard,none,59,54,48,161,53.66666667,D,Pass
female,group E,high school,free/reduced,none,64,69,68,201,67,C,Pass
male,group A,some college,standard,completed,78,69,73,220,73.33333333,B,Pass
male,group D,high school,free/reduced,none,59,61,58,178,59.33333333,D,Pass
male,group E,bachelor's degree,free/reduced,none,80,70,71,221,73.66666667,B,Pass
male,group B,associate's degree,standard,completed,68,82,77,227,75.66666667,B,Pass
female,group B,associate's degree,standard,none,77,81,79,237,79,B,Pass
male,group C,high school,standard,none,66,67,64,197,65.66666667,C,Pass
female,group C,some college,free/reduced,completed,26,44,46,116,38.66666667,D,Fail
male,group D,some college,standard,completed,80,66,69,215,71.66666667,B,Pass
female,group D,some high school,free/reduced,none,48,62,61,171,57,D,Pass
female,group A,associate's degree,standard,none,52,64,55,171,57,D,Pass
female,group D,master's degree,free/reduced,none,54,64,64,182,60.66666667,C,Pass
female,group C,some college,standard,completed,59,68,67,194,64.66666667,C,Pass
male,group D,high school,standard,none,77,62,65,204,68,C,Pass
female,group B,some college,free/reduced,none,64,70,69,203,67.66666667,C,Pass
male,group D,high school,standard,none,83,72,68,223,74.33333333,B,Pass
male,group E,high school,free/reduced,none,70,73,69,212,70.66666667,B,Pass
male,group C,some high school,standard,none,72,68,67,207,69,C,Pass
female,group B,associate's degree,standard,none,83,78,79,240,80,A,Pass
female,group B,associate's degree,standard,none,52,58,57,167,55.66666667,D,Pass
female,group C,some college,free/reduced,completed,53,73,74,200,66.66666667,C,Pass
male,group D,some college,standard,none,55,55,55,165,55,D,Pass
male,group C,associate's degree,standard,none,65,63,61,189,63,C,Pass
female,group E,some high school,standard,none,60,67,64,191,63.66666667,C,Pass
male,group E,high school,free/reduced,completed,64,62,59,185,61.66666667,C,Pass
male,group C,associate's degree,standard,none,71,72,69,212,70.66666667,B,Pass
male,group C,bachelor's degree,free/reduced,completed,61,71,65,197,65.66666667,C,Pass
male,group D,associate's degree,standard,none,61,55,58,174,58,D,Pass
female,group C,master's degree,standard,none,65,74,79,218,72.66666667,B,Pass
female,group D,some high school,standard,completed,71,83,89,243,81,A,Pass
male,group E,associate's degree,free/reduced,none,48,49,44,141,47,D,Pass
male,group E,high school,free/reduced,completed,75,80,75,230,76.66666667,B,Pass
male,group D,associate's degree,free/reduced,none,54,66,65,185,61.66666667,C,Pass
female,group C,master's degree,standard,none,70,64,65,199,66.33333333,C,Pass
male,group D,some high school,standard,none,91,77,72,240,80,A,Pass
female,group D,some high school,standard,completed,33,44,50,127,42.33333333,D,Pass
female,group B,high school,standard,none,45,50,41,136,45.33333333,D,Pass
male,group A,high school,free/reduced,none,45,33,32,110,36.66666667,D,Fail
male,group D,bachelor's degree,free/reduced,none,62,61,57,180,60,C,Pass
male,group E,associate's degree,free/reduced,completed,92,79,77,248,82.66666667,A,Pass
female,group D,some college,standard,none,74,75,79,228,76,B,Pass
female,group C,high school,standard,completed,81,79,83,243,81,A,Pass
male,group C,associate's degree,free/reduced,none,76,71,66,213,71,B,Pass
female,group C,associate's degree,standard,completed,57,72,73,202,67.33333333,C,Pass
male,group A,some college,free/reduced,none,63,61,55,179,59.66666667,D,Pass
female,group D,high school,standard,completed,57,62,73,192,64,C,Pass
female,group B,some college,standard,completed,46,65,64,175,58.33333333,D,Pass
male,group E,some high school,free/reduced,completed,49,50,45,144,48,D,Pass
female,group D,some high school,standard,none,54,60,65,179,59.66666667,D,Pass
male,group C,some high school,standard,completed,89,87,90,266,88.66666667,A,Pass
male,group D,bachelor's degree,standard,completed,77,70,78,225,75,B,Pass
female,group C,bachelor's degree,standard,none,46,63,60,169,56.33333333,D,Pass
male,group B,associate's degree,standard,completed,66,59,70,195,65,C,Pass
female,group C,high school,standard,none,48,63,53,164,54.66666667,D,Pass
male,group D,associate's degree,standard,completed,83,76,81,240,80,A,Pass
male,group C,high school,standard,completed,69,75,74,218,72.66666667,B,Pass
male,group E,bachelor's degree,free/reduced,none,73,52,54,179,59.66666667,D,Pass
female,group D,some college,standard,none,43,59,59,161,53.66666667,D,Pass
male,group D,master's degree,standard,completed,91,84,83,258,86,A,Pass
male,group C,associate's degree,standard,completed,49,58,55,162,54,D,Pass
male,group B,master's degree,standard,none,87,86,84,257,85.66666667,A,Pass
male,group B,some high school,standard,completed,46,46,44,136,45.33333333,D,Pass
female,group D,some high school,standard,completed,63,61,71,195,65,C,Pass
male,group E,bachelor's degree,standard,none,100,83,86,269,89.66666667,A,Pass
female,group E,bachelor's degree,standard,none,86,87,89,262,87.33333333,A,Pass
female,group A,some high school,free/reduced,completed,55,73,70,198,66,C,Pass
female,group E,master's degree,free/reduced,none,84,100,99,283,94.33333333,A+,Pass
female,group B,some high school,free/reduced,none,39,51,48,138,46,D,Pass
male,group B,high school,standard,none,67,57,52,176,58.66666667,D,Pass
female,group D,some high school,standard,completed,85,100,97,282,94,A+,Pass
male,group C,some high school,standard,none,64,51,44,159,53,D,Pass
female,group E,associate's degree,standard,none,81,77,74,232,77.33333333,B,Pass
male,group C,associate's degree,standard,none,78,71,67,216,72,B,Pass
female,group B,some high school,standard,none,59,59,58,176,58.66666667,D,Pass
male,group C,associate's degree,standard,none,74,76,70,220,73.33333333,B,Pass
female,group B,some college,free/reduced,completed,31,29,35,95,31.66666667,D,Fail
female,group C,some high school,free/reduced,completed,54,55,65,174,58,D,Pass
male,group C,high school,free/reduced,none,51,51,45,147,49,D,Pass
female,group B,bachelor's degree,free/reduced,completed,57,65,68,190,63.33333333,C,Pass
female,group C,some high school,free/reduced,none,39,50,49,138,46,D,Pass
male,group C,some college,standard,none,64,48,48,160,53.33333333,D,Pass
male,group C,master's degree,free/reduced,completed,69,79,72,220,73.33333333,B,Pass
male,group A,some high school,standard,none,58,50,47,155,51.66666667,D,Pass
female,group D,high school,standard,none,63,71,75,209,69.66666667,C,Pass
male,group E,associate's degree,standard,none,74,73,67,214,71.33333333,B,Pass
male,group E,some college,free/reduced,none,78,84,77,239,79.66666667,B,Pass
male,group A,some college,standard,completed,78,78,74,230,76.66666667,B,Pass
female,group B,some college,standard,none,75,76,81,232,77.33333333,B,Pass
male,group D,some college,standard,completed,70,60,65,195,65,C,Pass
male,group D,some college,standard,none,67,55,53,175,58.33333333,D,Pass
female,group C,associate's degree,standard,none,87,93,88,268,89.33333333,A,Pass
male,group C,some college,standard,none,69,63,66,198,66,C,Pass
female,group A,associate's degree,standard,none,58,54,58,170,56.66666667,D,Pass
male,group E,high school,free/reduced,completed,86,82,75,243,81,A,Pass
male,group C,high school,standard,none,73,70,65,208,69.33333333,C,Pass
male,group D,associate's degree,free/reduced,completed,85,91,92,268,89.33333333,A,Pass
female,group C,some high school,free/reduced,none,32,35,41,108,36,D,Fail
female,group C,some college,standard,none,73,74,82,229,76.33333333,B,Pass
male,group A,some college,standard,completed,65,60,62,187,62.33333333,C,Pass
